EmployeeID,FirstName,LastName,DepartmentID,JoinDate,ExitDate,Gender
1,Bob,Smith,2,2016-04-02,2017-10-28,Female
2,Ivan,Johnson,1,2015-03-03,2017-06-21,Female
3,Ivan,Taylor,2,2019-01-06,,Male
4,Ivan,Davis,4,2018-04-21,2019-05-04,Male
5,Charlie,Davis,3,2015-11-15,2018-10-04,Female
6,Bob,Johnson,1,2017-01-05,,Female
7,Judy,Jones,4,2018-01-03,2021-02-16,Male
8,Bob,Moore,3,2018-03-28,2019-08-17,Female
9,Alice,Brown,1,2019-10-18,2021-05-11,Female
10,Grace,Jones,3,2015-11-30,2018-02-01,Female
11,Eve,Johnson,2,2015-12-01,,Male
12,Eve,Moore,3,2019-09-23,,Male
13,Alice,Brown,3,2017-04-01,2019-06-07,Male
14,Judy,Miller,4,2017-03-21,,Male
15,Hannah,Williams,2,2016-05-20,,Female
16,Ivan,Jones,4,2017-01-11,2018-10-21,Female
17,Ivan,Wilson,1,2019-10-30,2024-05-06,Male
18,Charlie,Davis,4,2017-02-20,,Male
19,Hannah,Moore,1,2018-10-25,,Female
20,Ivan,Jones,1,2016-08-24,,Female
21,Hannah,Smith,2,2017-11-05,,Female
22,Eve,Moore,2,2017-02-04,,Male
23,Ivan,Moore,3,2017-09-27,2020-10-09,Male
24,Eve,Brown,2,2019-12-04,,Male
25,Bob,Johnson,1,2019-04-07,,Female
26,Charlie,Williams,2,2016-06-26,,Female
27,Judy,Davis,2,2018-12-31,2023-10-06,Male
28,Frank,Wilson,1,2016-05-22,2019-04-14,Female
29,Alice,Taylor,2,2015-01-15,2019-07-30,Male
30,Alice,Brown,1,2019-10-27,2023-09-13,Male
