ReviewID,EmployeeID,ReviewDate,Score,Reviewer
1,8,2019-07-25,9,Hannah Brown
2,18,2018-09-28,9,Judy Taylor
3,16,2019-05-13,10,Hannah Davis
4,7,2018-07-13,4,Grace Miller
5,14,2020-04-21,7,Alice Johnson
6,2,2020-04-04,9,Frank Johnson
7,8,2019-01-28,5,Ivan Wilson
8,5,2020-05-14,5,Eve Wilson
9,8,2022-11-26,4,Hannah Moore
10,4,2018-04-14,9,Ivan Smith
11,3,2023-03-13,10,David Williams
12,14,2020-09-21,7,David Davis
13,29,2018-05-01,5,Grace Smith
14,13,2019-06-28,10,Hannah Jones
15,14,2021-11-27,9,Ivan Wilson
16,5,2019-01-24,6,David Smith
17,19,2022-02-15,8,Alice Miller
18,2,2018-04-13,8,Hannah Moore
19,30,2022-10-13,8,Charlie Smith
20,17,2018-06-14,10,Charlie Johnson
21,20,2018-05-20,9,David Davis
22,4,2023-04-13,8,David Taylor
23,20,2018-03-23,8,Bob Davis
24,22,2021-04-10,8,Ivan Miller
25,30,2019-06-19,5,Frank Brown
26,9,2020-03-21,5,Eve Wilson
27,11,2023-03-18,10,Bob Smith
28,15,2021-06-26,8,Bob Johnson
29,18,2019-03-13,8,Eve Williams
30,30,2019-12-16,4,David Miller
31,10,2018-11-20,7,Ivan Jones
32,20,2022-07-11,9,Ivan Smith
33,22,2022-08-01,8,Eve Johnson
34,29,2018-10-03,6,Bob Johnson
35,24,2021-02-07,5,Eve Jones
36,20,2019-03-08,9,Frank Brown
37,22,2021-07-22,10,Eve Moore
38,16,2019-05-30,10,Alice Johnson
39,21,2020-05-17,10,Eve Smith
40,1,2019-11-15,10,Charlie Jones
41,6,2022-02-27,7,Ivan Davis
42,18,2018-01-20,4,Bob Williams
43,18,2018-03-15,10,Frank Taylor
44,18,2018-10-31,7,Charlie Smith
45,10,2020-01-17,10,Alice Miller
46,7,2021-10-28,5,Bob Miller
47,25,2021-02-20,10,Grace Taylor
48,24,2018-11-13,5,Charlie Williams
49,29,2020-04-24,4,Charlie Miller
50,26,2023-03-22,7,David Jones
51,6,2022-06-01,9,Bob Davis
52,28,2018-03-21,10,Hannah Brown
53,7,2022-07-31,7,Frank Jones
54,27,2022-06-17,10,David Brown
55,1,2021-09-13,5,Grace Miller
56,9,2022-11-06,4,Eve Miller
57,21,2020-11-09,7,Ivan Miller
58,1,2018-08-25,6,Charlie Taylor
59,9,2018-03-20,4,Judy Davis
60,12,2022-02-01,10,Frank Davis
61,20,2020-11-13,4,Grace Taylor
62,7,2019-06-06,4,Grace Smith
63,17,2023-03-11,10,Ivan Brown
64,12,2020-06-02,4,Frank Taylor
65,11,2021-09-20,10,Bob Jones
66,17,2019-09-26,9,Grace Miller
67,13,2021-11-28,6,Ivan Williams
68,7,2020-05-11,9,Grace Williams
69,20,2021-03-11,6,Grace Moore
70,27,2018-01-01,6,Eve Brown
71,14,2022-05-29,8,Judy Miller
72,15,2020-06-23,7,David Moore
73,16,2022-06-14,10,Charlie Johnson
74,10,2020-11-21,9,Judy Miller
75,3,2022-08-04,10,David Jones
76,8,2022-07-10,5,Charlie Smith
77,2,2019-05-17,7,Judy Johnson
78,15,2020-04-28,9,Judy Brown
79,23,2021-11-27,7,Hannah Davis
80,8,2018-10-30,9,Alice Johnson
81,25,2020-05-20,5,Charlie Moore
82,15,2018-04-13,8,David Johnson
83,15,2018-10-01,10,Hannah Moore
84,18,2021-05-04,6,Hannah Taylor
85,27,2022-01-13,8,Grace Moore
86,15,2023-01-12,5,Hannah Wilson
87,9,2022-03-20,5,Eve Moore
88,16,2021-07-07,5,Eve Wilson
89,3,2022-01-01,6,David Jones
90,11,2019-10-17,8,Bob Williams
91,5,2019-04-19,7,Charlie Brown
92,3,2020-04-29,7,Frank Moore
93,15,2020-05-01,4,David Davis
94,13,2023-01-28,10,Judy Smith
95,28,2022-12-09,10,Judy Davis
96,16,2018-01-13,6,Eve Davis
97,28,2023-01-01,10,Grace Moore
98,24,2022-02-13,8,Judy Brown
99,16,2019-03-26,6,Grace Wilson
100,1,2020-03-07,6,Grace Williams
101,27,2020-08-15,5,Judy Moore
102,1,2023-02-01,7,Judy Taylor
103,22,2018-02-25,4,Grace Williams
104,28,2020-08-03,5,Alice Jones
105,13,2019-11-02,5,Hannah Miller
106,11,2022-04-08,7,Eve Davis
107,9,2022-09-06,4,Hannah Smith
108,24,2021-01-09,4,Frank Brown
109,21,2018-05-21,10,Alice Smith
110,8,2019-02-13,10,Alice Taylor
111,5,2019-05-04,5,Hannah Johnson
112,19,2023-04-26,5,Hannah Jones
113,25,2020-01-26,5,Judy Taylor
114,24,2022-01-11,4,Charlie Jones
115,4,2021-03-31,4,Eve Taylor
116,22,2023-02-03,7,Grace Brown
117,3,2021-04-27,9,David Johnson
118,23,2022-05-02,6,Judy Johnson
119,26,2021-03-05,10,Alice Miller
120,18,2020-05-27,9,Frank Johnson
121,17,2021-08-19,6,Alice Davis
122,27,2020-09-30,4,Grace Miller
123,21,2022-12-31,10,Hannah Williams
124,14,2018-12-27,9,Ivan Jones
125,20,2022-07-14,8,Hannah Wilson
126,14,2022-08-19,9,Judy Jones
127,11,2022-10-11,5,Bob Jones
128,29,2020-07-12,5,Hannah Taylor
129,20,2021-09-30,7,Frank Smith
130,16,2022-10-09,6,Charlie Wilson
131,7,2019-12-28,10,Eve Miller
132,9,2022-12-08,8,Eve Moore
133,1,2020-11-24,5,Bob Brown
134,24,2020-04-12,7,Ivan Brown
135,23,2020-09-02,9,Hannah Wilson
136,26,2018-02-05,4,Eve Brown
137,13,2021-11-17,5,Eve Taylor
138,12,2020-08-27,8,Ivan Miller
139,14,2022-03-08,8,Frank Miller
140,23,2020-07-18,6,Eve Jones
141,8,2018-09-05,9,David Miller
142,4,2022-03-02,8,Charlie Brown
143,7,2022-02-21,7,Eve Taylor
144,25,2020-12-10,8,Eve Johnson
145,27,2019-02-02,6,David Miller
146,6,2019-09-12,4,Ivan Williams
147,9,2018-04-04,4,Ivan Jones
148,23,2023-04-18,5,Hannah Johnson
149,28,2018-01-26,8,Eve Wilson
150,16,2020-06-21,6,Charlie Smith
151,9,2023-04-12,10,Hannah Johnson
152,27,2018-05-14,7,Hannah Johnson
153,19,2021-07-13,9,Alice Williams
154,5,2022-07-20,8,Eve Johnson
155,8,2018-08-31,8,Grace Taylor
156,20,2022-06-08,8,David Moore
157,13,2020-07-11,7,Eve Taylor
158,14,2019-09-18,8,Judy Smith
159,20,2023-05-21,9,Bob Brown
160,21,2019-03-09,6,Bob Williams
161,8,2018-12-22,8,Bob Williams
162,1,2020-04-16,7,Judy Wilson
163,10,2018-03-08,5,Eve Jones
164,23,2022-10-27,7,Bob Brown
165,30,2019-06-26,10,Judy Brown
166,14,2018-08-24,8,David Williams
167,30,2019-06-29,10,Charlie Johnson
168,2,2018-12-06,10,Eve Taylor
169,24,2022-08-16,8,Eve Wilson
170,4,2020-08-17,9,Eve Davis
171,9,2020-10-21,8,Hannah Wilson
172,3,2021-05-09,4,Grace Miller
173,20,2019-05-28,4,Bob Brown
174,22,2022-09-09,10,Judy Taylor
175,1,2022-04-16,9,Eve Taylor
176,2,2022-04-12,10,Charlie Wilson
177,17,2021-08-27,7,Eve Williams
178,19,2020-06-11,9,Hannah Johnson
179,16,2019-12-14,7,Frank Miller
180,22,2018-08-03,10,Charlie Miller
181,14,2021-11-21,7,Eve Davis
182,27,2022-04-07,8,Alice Wilson
183,3,2019-10-07,6,Frank Johnson
184,25,2020-04-07,10,Ivan Smith
185,22,2022-11-16,8,Hannah Davis
186,2,2019-01-20,8,Frank Taylor
187,25,2020-10-17,9,Hannah Smith
188,7,2019-07-01,8,Charlie Jones
189,15,2022-12-09,9,Hannah Johnson
190,1,2023-06-17,9,Judy Brown
191,23,2018-11-21,6,Ivan Smith
192,18,2020-04-15,4,David Johnson
193,15,2023-04-24,4,Charlie Wilson
194,30,2022-01-07,6,Ivan Jones
195,14,2022-09-06,7,Hannah Brown
196,15,2021-02-02,5,Grace Brown
197,30,2021-05-12,8,Charlie Johnson
198,9,2022-05-02,10,Grace Miller
199,30,2022-06-02,8,Eve Smith
200,10,2022-01-26,6,Judy Taylor
