SalaryID,EmployeeID,SalaryAmount,EffectiveFrom
1,1,39738,2016-04-02
2,1,46150,2017-04-02
3,1,51672,2018-04-02
4,1,54219,2019-04-02
5,2,66170,2015-03-03
6,2,71260,2016-03-02
7,2,77630,2017-03-02
8,3,42363,2019-01-06
9,3,49047,2020-01-06
10,3,52637,2021-01-05
11,4,56920,2018-04-21
12,4,61526,2019-04-21
13,5,76217,2015-11-15
14,5,81379,2016-11-14
15,5,82709,2017-11-14
16,5,94388,2018-11-14
17,6,38273,2017-01-05
18,7,51757,2018-01-03
19,7,57363,2019-01-03
20,7,57389,2020-01-03
21,7,70681,2021-01-02
22,7,74729,2022-01-02
23,8,77346,2018-03-28
24,9,72911,2019-10-18
25,9,75523,2020-10-17
26,9,84603,2021-10-17
27,9,85424,2022-10-17
28,10,70845,2015-11-30
29,10,73502,2016-11-29
30,10,80227,2017-11-29
31,11,54904,2015-12-01
32,11,60901,2016-11-30
33,11,67768,2017-11-30
34,11,61786,2018-11-30
35,11,65144,2019-11-30
36,12,71363,2019-09-23
37,12,75226,2020-09-22
38,13,58440,2017-04-01
39,14,59076,2017-03-21
40,15,31897,2016-05-20
41,15,36554,2017-05-20
42,15,36815,2018-05-20
43,16,53492,2017-01-11
44,16,59020,2018-01-11
45,16,59876,2019-01-11
46,17,64810,2019-10-30
47,17,71446,2020-10-29
48,18,41140,2017-02-20
49,18,43786,2018-02-20
50,19,55070,2018-10-25
51,19,61146,2019-10-25
52,19,68624,2020-10-24
53,19,64586,2021-10-24
54,19,70678,2022-10-24
55,20,71805,2016-08-24
56,20,77569,2017-08-24
57,20,79987,2018-08-24
58,20,78033,2019-08-24
59,21,48850,2017-11-05
60,21,52144,2018-11-05
61,21,54060,2019-11-05
62,21,65704,2020-11-04
63,22,68507,2017-02-04
64,22,73982,2018-02-04
65,22,76603,2019-02-04
66,23,49799,2017-09-27
67,23,54950,2018-09-27
68,23,61715,2019-09-27
69,23,58418,2020-09-26
70,24,54993,2019-12-04
71,24,59933,2020-12-03
72,25,49390,2019-04-07
73,25,51569,2020-04-06
74,25,59874,2021-04-06
75,25,62134,2022-04-06
76,25,57654,2023-04-06
77,26,74944,2016-06-26
78,26,81911,2017-06-26
79,26,87082,2018-06-26
80,26,87976,2019-06-26
81,26,90484,2020-06-25
82,27,53089,2018-12-31
83,27,56646,2019-12-31
84,27,61195,2020-12-30
85,27,62449,2021-12-30
86,27,64269,2022-12-30
87,28,50246,2016-05-22
88,29,67982,2015-01-15
89,30,35906,2019-10-27
90,30,40582,2020-10-26
