SalaryYear,DepartmentName,AverageSalary,MaxSalary,MinSalary
2015,Engineering,61443.0000,67982,54904
2015,HR,66170.0000,66170,66170
2015,Sales,73531.0000,76217,70845
2016,Engineering,51870.0000,74944,31897
2016,HR,64437.0000,71805,50246
2016,Sales,77440.5000,81379,73502
2017,Engineering,58290.0000,81911,36554
2017,Finance,51236.0000,59076,41140
2017,HR,64490.6667,77630,38273
2017,Sales,67793.7500,82709,49799
2018,Engineering,59510.0000,87082,36815
2018,Finance,52870.7500,59020,43786
2018,HR,67528.5000,79987,55070
2018,Sales,75561.3333,94388,54950
2019,Engineering,61500.5000,87976,42363
2019,Finance,59588.3333,61526,57363
2019,HR,60366.0000,78033,35906
2019,Sales,66539.0000,71363,61715
2020,Engineering,65272.6000,90484,49047
2020,Finance,57389.0000,57389,57389
2020,HR,61548.8000,75523,40582
2020,Sales,66822.0000,75226,58418
2021,Engineering,57543.0000,62449,52637
2021,Finance,70681.0000,70681,70681
2021,HR,69687.6667,84603,59874
2022,Engineering,64269.0000,64269,64269
2022,Finance,74729.0000,74729,74729
2022,HR,72745.3333,85424,62134
2023,HR,57654.0000,57654,57654
